[1] Is Next Node,[2-1] Is Report Correct If Next And Roadblock,[2-2] Is Report Correct If Adjacent And Roadblock,[3-1] Is Report Wrong If Next and No Roadblock,[3-2] Is Report Wrong If Adjacent and No Roadblock,[4] Random Time Sequence,[6] Is Random Report Correct,[7] Time Lag Values,Player Follows Navigation,Player Reports Correct Roadblock,Player Reports Roadblock,Player Speeds
False,False,True,False,False,5.331811882252703,True,2.0987360962141817,True,True,False,17.774697524632394
False,True,True,False,False,31.561779589107765,False,3.4483638319218066,True,True,False,17.184109944686327
False,True,True,False,False,45.66680581009838,True,3.7088182921365713,False,False,False,21.950955260482434
True,True,True,False,False,94.54913763481342,True,4.918565109614503,True,True,True,21.73162275059538
True,True,False,True,True,175.057418358044,True,3.4102644934846986,True,True,False,
True,True,True,False,False,192.09379062229195,True,1.9754205468254793,False,True,False,
True,True,True,False,True,221.08463805767207,False,3.408344924392132,True,True,True,
True,True,True,False,False,303.5116011548595,False,4.735321903876754,True,True,True,
True,True,True,True,False,366.9127155174461,True,2.4435992762211725,True,True,False,
False,True,True,True,False,454.03287683339073,False,1.329717289977968,True,False,True,
False,True,True,True,True,557.7496815960654,False,3.925885193592331,True,True,False,
True,True,False,True,True,562.2003278118235,True,1.5063084701520326,True,True,True,
True,False,True,True,True,661.7269529873587,False,4.937818646511239,True,True,False,
False,True,True,False,True,669.5725859767487,True,1.2870825599781943,True,True,False,
False,True,False,False,False,692.9104022630937,True,1.9826179166032776,True,True,False,
False,True,True,True,False,741.6901031398736,True,3.333695154678196,False,True,True,
True,False,True,False,False,764.2141287927947,False,1.6526138221050495,True,True,True,
True,True,True,True,True,849.4209807775342,True,2.691807445762544,True,True,True,
False,False,False,False,False,896.2653322008218,True,2.068353789011331,True,True,False,
True,True,True,False,False,902.7245462594466,False,3.8266323232113035,True,True,True,
False,True,True,True,False,961.6873621733457,False,2.373655681629272,True,True,False,
True,True,False,False,False,1102.5532212144649,True,2.2193015217114174,False,True,True,
False,False,True,True,False,1391.3408092289583,False,3.5255191634557494,True,True,False,
True,True,True,False,False,1433.7786681355228,False,4.88245249022646,True,True,True,
False,False,False,False,False,1453.0950200740192,False,2.059417997220396,False,True,True,
False,False,False,True,False,1529.7635199533765,False,3.9198132138379624,True,True,True,
True,True,False,False,False,1721.694449097333,False,1.875940638483745,True,True,True,
False,True,True,True,False,1759.5040472986354,False,3.203061440654987,True,True,False,
False,False,True,False,False,1930.974330472648,True,1.3838320692169304,False,True,True,
True,True,True,False,True,2145.91800459073,False,3.4225012931554053,True,True,True,
False,True,False,False,True,2179.9514092009103,True,1.6803098056481804,True,True,True,
True,True,True,True,False,2198.950930312618,False,2.336306032708153,False,True,False,
False,True,True,False,False,2238.951964200846,True,1.1039775600851525,True,True,True,
True,True,True,True,False,2281.0977258635103,False,2.1845196683821593,False,False,False,
True,False,True,True,False,2301.305321694169,True,3.8625175371924745,True,True,False,
True,False,False,False,True,2303.0240808832978,True,2.341312476020347,True,True,True,
False,True,True,False,False,2343.5526466460765,True,1.799834314737518,True,True,True,
True,True,True,False,False,2394.333158130745,True,3.2635185841165777,True,True,False,
True,False,False,True,True,2469.2803231619814,False,1.535427579909236,False,True,True,
False,True,True,False,True,2479.432641675348,False,2.412793612734554,True,True,True,
True,True,True,False,True,2610.9224227820227,True,3.1694812494661537,True,True,False,
False,True,True,False,False,2636.8011324915014,False,2.8826254790359935,True,True,True,
True,False,True,False,False,2648.190972848121,False,1.1602548961917312,False,False,False,
True,True,True,False,True,2690.884609672643,True,4.821949070689865,True,True,True,
False,True,False,False,False,2698.6875157621103,False,3.3886829061787087,False,True,False,
False,True,False,False,True,2741.9728304540427,True,3.9172087327030716,True,True,True,
False,True,True,False,True,2777.9513381790116,False,1.063148896925096,False,True,True,
True,True,True,True,False,2827.822000921407,False,1.9516181656559475,True,True,True,
True,True,True,False,False,2845.2426588394933,False,3.969636522753408,True,True,False,
False,False,False,False,False,2849.283445864012,True,3.915280754705028,True,True,False,
True,False,True,True,False,2857.9709066031032,False,1.9607287657156935,True,True,False,
False,True,True,False,False,2904.1175171983214,False,4.250081540946205,True,True,False,
True,True,False,True,False,3063.709867940988,False,4.127186745873679,True,False,True,
False,True,False,False,False,3137.460503688042,True,2.111623998688951,True,False,False,
True,True,True,False,False,3202.420074690425,False,3.0000794372302946,True,True,True,
False,True,True,False,False,3294.387839219549,True,2.1283327566408827,True,True,False,
False,True,False,False,False,3371.6669691649913,True,2.445943838752706,True,True,True,
True,False,True,False,True,3379.439712512745,False,2.5158213210590326,True,True,False,
False,True,True,False,False,3399.313076183239,True,1.1466745290427016,True,True,False,
False,True,True,True,True,3407.4808870382262,False,1.6413704109782508,True,True,False,
False,True,True,True,False,3588.9025174006956,False,2.5980119072316916,True,True,True,
True,False,False,False,False,3639.4916506705895,True,1.7161822377829554,True,True,True,
True,True,True,True,True,3643.5848957830844,True,1.8023729103578678,True,True,False,
False,True,True,True,True,3715.848292912972,False,1.6742275087338157,True,False,False,
True,True,False,False,False,3715.911098805334,False,4.046636397747598,False,False,True,
False,False,True,False,False,3748.4842196449313,False,2.35555032045012,True,True,False,
False,False,True,False,False,3847.145290648342,True,4.690671452972753,False,True,True,
True,True,True,True,True,3949.9292100388625,True,3.622195291045543,True,True,False,
False,False,True,True,False,4027.5829830806792,False,1.9012763465142828,True,True,True,
True,True,True,True,False,4161.814972441042,False,4.8071852153197,True,True,False,
True,True,True,False,False,4183.826264745838,True,4.363031073153862,True,True,True,
False,True,True,True,False,4267.2811468692325,True,3.283543162510588,True,True,False,
True,True,False,False,False,4320.271489964646,False,1.603095725829216,False,True,True,
False,True,True,True,False,4378.315509187431,False,2.653059048027359,True,True,True,
False,True,False,False,True,4400.635438665725,True,2.195676135812497,True,True,False,
False,True,False,True,False,4430.914005102257,True,3.394626931678936,True,True,False,
False,True,False,False,False,4468.735630320839,True,2.4590469941337996,True,True,True,
False,True,True,False,False,4483.025502304897,True,3.7594715561576857,True,True,False,
False,True,True,True,False,4523.484386239728,False,3.065507096389297,False,True,True,
True,False,True,False,True,4584.029147560284,True,3.9356477841076374,True,True,False,
False,False,True,False,False,4626.3233793083455,False,4.93812377992122,True,True,False,
False,True,False,False,False,4692.341967576651,True,1.7990388695962998,True,True,False,
True,True,False,False,False,4759.730209013782,False,2.237081556779541,True,True,True,
False,False,False,False,True,4776.142211372961,True,1.6015100029966143,False,True,True,
True,True,False,False,False,4795.021730534997,True,2.1706697143984712,True,True,True,
False,True,True,False,False,4813.934877138146,True,4.697651989516045,True,True,True,
True,False,True,False,True,4821.779219032021,True,3.940348984480664,True,True,True,
True,True,True,True,True,4915.007579098798,False,3.5870231974472317,True,True,False,
True,False,True,True,True,4925.956039314495,True,1.249397245727958,True,True,True,
True,True,True,True,False,4958.5374425703985,True,4.863132749586476,True,True,True,
False,False,True,True,False,4967.766048063964,True,3.8222725997137483,True,True,False,
False,False,False,False,False,5014.794513001004,True,3.105193122071814,True,True,False,
False,True,False,False,False,5310.937790664227,False,4.7703116573045135,True,True,True,
True,False,False,False,False,5366.048429811936,False,1.4563954624315008,True,True,False,
False,False,True,True,False,5426.931246452821,False,3.1599329479450873,True,False,True,
True,False,True,False,True,5431.815974848591,False,3.512423324362261,False,True,True,
False,True,True,False,False,5449.242476580556,False,4.325711726052839,True,False,True,
True,False,False,False,True,5450.728125790602,True,3.5953988057589847,True,True,False,
True,False,True,True,False,5451.455933486045,True,1.0629806153053942,True,True,False,
True,False,True,False,False,5719.520954545589,False,4.646963910617206,True,True,False,
False,True,False,False,False,5725.897938244284,False,3.492926177328848,False,False,False,
False,True,True,True,True,5741.496177162825,False,2.9039788558767,False,True,True,
True,True,True,False,True,5762.426678963517,False,1.3034818732931024,True,True,False,
False,True,True,False,False,5804.944730786257,True,2.4806611897283375,True,True,False,
True,False,False,False,False,5880.113000634204,False,3.0532372780492105,True,True,False,
True,True,False,True,True,6100.724117248289,True,4.389809526452353,True,True,False,
False,True,True,False,True,6122.272437379752,True,3.9123958961984417,True,True,False,
True,True,True,True,False,6210.062573834775,False,1.665442081730772,True,True,False,
False,False,False,False,False,6223.667985058893,True,4.684274115003191,True,True,False,
True,True,True,False,False,6295.525312855391,False,2.336717399048132,False,True,True,
True,True,True,False,False,6313.734858453965,False,3.6871533274213757,False,True,True,
True,True,True,True,False,6341.440133153253,False,4.324088348900936,False,True,False,
True,True,True,False,False,6345.416667362793,False,3.7409605794599283,True,True,False,
True,False,True,True,True,6369.2501962555025,False,4.011256913554861,True,True,True,
True,True,True,True,True,6410.457825433155,True,1.8172819979942618,True,True,True,
False,True,True,True,False,6413.945766112122,True,3.0724267001004315,False,True,True,
False,True,False,True,False,6422.6484405704205,False,1.934295436912978,True,True,True,
True,True,True,False,False,6528.308867196476,True,1.074652814602719,True,True,False,
True,True,False,True,True,6647.02179252114,True,1.4520367614212923,True,False,True,
False,True,True,True,False,6653.746243661835,False,4.4112352215777655,False,True,False,
False,True,True,False,True,6676.35357465369,True,3.058438276867203,True,True,False,
True,False,False,True,False,6701.4157592946885,False,2.3564216099356985,True,True,False,
False,True,False,True,False,6716.209977652259,True,4.178089926584958,False,True,True,
True,True,True,False,False,6739.305467801828,False,4.89005507987422,False,True,False,
False,True,False,False,False,6752.198769855389,True,2.4215527968811283,True,True,True,
False,True,True,False,True,6790.47857218206,False,1.85431137893036,True,True,False,
False,False,True,True,False,6829.411859923191,False,1.753748777529716,True,True,True,
False,True,True,False,True,6846.561990766436,False,4.109556253414668,True,True,True,
False,True,True,True,True,6883.451775682981,True,3.9144983270271094,True,True,True,
True,True,True,False,True,6945.719451105118,True,4.944486584439019,True,True,False,
True,True,True,True,True,6953.121251108291,True,2.720082306567288,True,True,True,
True,True,False,True,False,7180.437147352492,False,4.063914470661565,True,True,False,
True,False,False,False,False,7208.48147452876,True,4.383643638754155,True,True,True,
True,False,True,False,False,7216.014182260551,False,4.091732042532287,False,True,True,
True,True,True,True,False,7234.7536802501545,True,4.706522585761396,True,False,False,
True,True,False,True,True,7242.352323700249,True,2.7393206639319745,True,True,True,
False,False,False,False,False,7319.660217188179,False,4.4540585476517975,True,False,False,
False,True,True,False,False,7329.694658201326,False,1.1807927861668457,True,True,False,
True,False,False,True,False,7333.313225037292,False,3.6152955232454085,False,False,False,
True,True,True,False,False,7362.199986138014,True,2.265462551214107,True,True,True,
True,True,True,False,True,7363.685428361417,True,4.085039680244996,True,True,True,
False,False,True,False,True,7450.350789093875,False,1.8955113599187041,False,True,True,
False,False,True,False,False,7459.971258113948,False,1.324211418472001,True,True,True,
False,False,True,False,True,7499.659012227379,True,4.020767643920252,True,False,False,
True,True,False,True,True,7570.4255254156615,True,4.187249730066547,True,True,True,
False,True,True,False,False,7734.776701179923,False,1.943048828097512,False,True,False,
True,True,False,False,False,7836.8842002406645,False,4.830941341205506,True,True,True,
False,False,False,False,True,7865.5910290761185,False,1.1470293647017593,True,True,True,
True,False,False,False,False,7909.712819206629,False,4.4496140174664145,False,True,False,
False,True,False,False,False,7993.88300639962,False,4.09686990814603,True,True,False,
False,True,True,False,True,8076.245252869149,True,3.0516986068300165,True,True,True,
False,True,True,False,False,8087.20937837627,True,4.592683399870287,True,True,False,
False,True,True,True,False,8178.381069268458,False,1.921062659826251,True,True,True,
True,True,True,True,False,8243.963188502032,False,4.209308865427349,True,True,True,
True,False,True,False,True,8249.049850162599,True,4.498541747937434,True,True,False,
True,True,True,False,True,8548.114200526503,False,2.7933544947394395,True,True,False,
True,False,True,True,False,8603.32524133794,True,3.483749908698725,True,True,True,
False,True,True,False,False,8685.542623860643,True,4.002366357062374,True,True,True,
True,True,False,True,True,8698.629773461242,False,2.3664888595687446,True,True,True,
False,True,True,True,True,8735.176176181194,True,2.600999165883067,True,True,True,
True,True,True,False,False,8757.812741351383,True,1.5713166209863982,True,True,True,
False,True,True,False,False,8777.681346341169,False,2.7047743691329496,True,False,True,
True,True,True,True,False,8786.984688320978,False,2.3503019565860837,False,True,True,
False,True,False,False,True,8805.697951087785,True,3.7925986015868633,True,True,True,
False,True,True,True,False,8814.058076407073,False,3.2298962725892157,True,True,True,
False,True,True,True,True,8884.138216570016,True,4.435839513751372,True,True,True,
False,True,False,False,True,8901.498036310122,False,3.263217986661179,True,True,True,
True,True,False,False,False,9016.525050064185,False,4.683559261220971,True,True,True,
False,False,True,False,False,9075.606617497057,True,3.2863830633234636,True,True,False,
True,True,True,False,True,9104.88435789753,False,1.9203131170863852,True,True,True,
False,False,True,False,False,9198.37955237534,False,4.311939488663656,False,True,True,
False,True,True,False,False,9244.346113087542,True,4.650999950959122,True,True,True,
True,True,True,True,False,9287.756113928644,True,1.3252672983711853,True,True,False,
False,True,True,False,False,9390.439678984862,False,2.8123941915672055,True,True,True,
False,False,True,True,False,9476.652247153483,False,3.6753928442527894,False,True,True,
False,True,True,True,False,9487.34887667115,True,2.735296274451746,True,True,False,
True,True,True,True,True,9682.230897077861,False,2.8720031012203506,True,True,True,
True,True,True,False,True,9845.512693714547,True,3.0964293396579423,True,True,False,
True,True,True,False,False,9890.06142471895,True,3.1234468881197173,False,True,False,
True,True,True,False,True,9952.019433244219,False,4.422134874128209,True,True,True,
True,False,False,False,False,9967.507625494385,True,1.844356577572472,True,True,True,
True,True,True,True,False,10000.209356111522,True,2.6317071770765086,True,True,False,
False,False,True,True,True,10111.223184544793,True,3.8199814325341355,True,True,True,
True,False,True,False,False,10166.402658260271,True,1.1478632096261414,True,True,False,
False,False,True,True,False,10221.992334741997,False,2.2567208812048394,True,False,False,
True,False,True,False,True,10313.62954408699,False,1.3574624776233968,True,True,False,
True,False,True,False,True,10365.858448247416,True,4.431390606980927,False,True,False,
True,False,False,True,True,10417.449007921798,False,3.801445013369439,True,True,True,
False,True,False,False,False,10420.372509510824,True,4.1806857297525415,True,True,True,
False,True,True,True,False,10439.54610653932,True,1.1115064790509965,False,True,False,
False,False,True,True,True,10467.905841110767,True,2.2321686649911037,False,True,False,
True,True,True,False,False,10489.973137130039,True,4.485204756561846,True,True,False,
True,False,True,False,False,10593.178330199205,False,2.4504859172986064,False,True,True,
True,True,True,True,False,10663.024608167252,True,2.2680834633296496,True,True,True,
False,True,False,False,False,10718.489495990949,False,4.196631005479301,True,True,True,
True,False,True,True,False,10787.474662651804,True,2.514515725175247,True,True,False,
False,True,False,False,True,10808.316858724767,False,4.342211674868924,False,True,False,
True,True,True,True,False,10900.784805476847,False,1.6969027204899185,False,True,True,
True,False,True,False,False,10977.990786749619,True,3.4499643461133616,True,True,True,
True,True,False,True,True,11150.173201670399,True,4.211532961791324,True,True,True,
True,True,True,True,False,11247.983767143876,True,4.768781948891482,True,True,False,
False,True,True,False,True,11255.004145597946,True,3.352644873006239,True,True,True,
True,True,False,False,False,11427.133921209403,False,1.556161300571007,True,True,True,
True,False,True,True,False,11437.135754612407,True,3.442685194472576,False,True,False,
True,True,True,False,True,11459.823260894811,True,1.6670242234819512,True,True,False,
True,True,True,False,False,11549.451837969755,False,1.0312817097849587,True,True,False,
True,True,True,False,True,11647.497198708112,True,4.39364633629266,True,True,True,
True,True,True,False,False,11662.946201208,True,4.62421970245175,True,True,True,
False,True,True,True,False,11679.309350915762,True,4.757138108333435,False,False,True,
False,True,True,True,False,11728.125995338767,False,3.212177183967949,False,False,False,
False,False,True,True,False,11748.426043510255,True,1.6883737381814887,True,True,False,
True,False,True,False,False,11812.661532677828,True,4.6443181459862055,True,True,False,
False,True,True,False,False,11845.830266316525,True,2.871106547978991,True,True,False,
False,True,False,False,False,11881.226291319292,True,4.019754031416342,True,True,False,
True,True,True,False,True,11903.88245195285,False,4.639142731662402,True,True,False,
False,True,True,False,True,11908.394106910231,True,4.462329205824205,True,True,False,
True,False,True,False,True,11918.530983273975,False,1.454995535606118,False,True,True,
False,True,False,True,False,11932.98422048526,True,1.900945920728239,True,True,False,
True,False,True,True,False,11942.544642665689,True,3.0628332541187167,True,False,False,
False,False,True,False,False,12018.845563878405,False,2.9958749651877135,True,True,False,
False,True,True,False,False,12077.462215515096,False,4.120129325572472,True,True,True,
True,True,True,False,False,12139.478437153655,False,3.2248908259713134,True,True,False,
False,True,True,False,False,12267.215105430016,False,4.145824676672545,True,True,True,
False,True,True,False,False,12317.483668024011,False,3.380629694930717,True,False,True,
True,False,True,False,False,12324.892200453834,False,3.8046725064438136,True,True,False,
True,True,True,False,False,12382.573855950148,False,1.1067162940419948,False,True,False,
False,True,True,False,False,12464.947841668423,False,4.215242228055217,True,True,True,
True,False,False,True,True,12468.173427690588,True,4.088854481379952,True,True,False,
False,True,False,False,True,12534.055507264524,False,1.6580219654343522,True,True,True,
True,False,False,False,False,12679.909028334276,False,4.904274504927635,True,True,False,
True,False,True,False,True,12776.084933587203,True,1.777290717172224,True,False,True,
True,True,True,True,True,12957.869486987513,True,3.4378918907031912,True,True,False,
True,True,True,False,True,13004.497281138252,False,3.8825719226474997,True,True,True,
True,True,True,False,False,13005.989818048454,True,3.9996942882035253,True,True,False,
True,True,True,False,False,13018.362998458939,True,1.9631821719087146,True,True,False,
True,False,True,False,True,13131.826559798072,True,3.6790866541214964,True,True,True,
False,True,True,True,False,13133.84402520769,True,2.5491154541219885,True,True,True,
True,False,True,False,False,13205.19902769601,True,2.61444371943288,True,True,True,
True,False,True,False,False,13227.859952336574,False,1.4700960773604206,True,True,False,
True,True,True,False,True,13252.501663970454,True,1.519328837575967,True,True,True,
False,False,True,True,False,13295.08221534422,False,3.8725281654704653,True,True,True,
True,True,False,False,False,13420.699093581008,False,3.199889292517214,False,True,False,
True,True,True,False,True,13602.733855437693,True,1.166228760693071,False,True,False,
False,True,False,False,True,13711.223745269943,False,1.0593824949553814,True,False,False,
True,True,False,False,True,13787.304640958204,True,4.717713895823905,True,True,False,
True,True,False,False,False,13891.335956961955,False,1.548530884447202,True,True,False,
False,False,True,False,False,13941.655903215948,False,1.8399744323540173,True,True,False,
True,True,True,False,False,14068.344329637102,True,4.081462696502383,True,True,False,
True,True,False,False,False,14100.398198383018,False,3.3559223422867195,True,True,False,
False,False,True,True,True,14327.639225998815,True,3.395031255520923,True,True,False,
False,True,True,True,False,14345.151533156088,True,2.7503053768319017,False,True,True,
True,True,False,False,False,14391.428661675276,False,4.734343710249847,True,True,True,
True,True,False,True,False,14444.561178601347,False,2.235882704144004,False,True,False,
True,True,False,False,False,14526.355330102422,False,1.99834351143945,True,True,True,
False,True,True,False,False,14578.545909932516,False,2.7904783051681945,True,False,False,
False,True,True,False,True,14740.506007663911,False,1.9978504612822343,True,True,True,
True,False,True,True,False,14752.874658804974,True,3.257851086322139,True,True,False,
False,True,True,False,True,14815.109610092331,True,2.9180130214470155,True,True,True,
True,True,False,False,False,14923.970960623976,True,2.2484546107503074,True,True,False,
True,True,True,True,True,14949.524375088604,False,2.3019628883199457,True,True,False,
False,True,True,False,True,14965.281735427785,True,4.188990833092998,True,True,True,
False,True,True,False,True,15026.191758171582,True,1.4041916809358135,False,False,False,
True,False,True,False,False,15068.82547567734,False,4.147289486719854,False,True,True,
True,True,True,False,False,15152.09225894024,True,1.0354133994780303,False,True,True,
True,False,True,False,True,15181.02332238535,False,3.0485858386318245,True,True,True,
True,False,False,True,False,15201.922441717017,True,4.166744844724522,True,True,False,
False,False,True,False,False,15259.076315094735,True,1.232581143569885,True,True,False,
False,True,True,False,True,15305.813172381855,True,3.8358787402636274,True,False,False,
True,True,True,False,False,15334.127815541324,True,2.7447993107903836,False,True,False,
True,True,True,False,False,15346.971499947953,True,3.034834709476607,True,True,True,
True,True,False,False,True,15381.445720929562,True,4.825401273631001,True,False,False,
True,True,False,False,False,15453.155898350622,False,1.7237930982601672,True,True,False,
False,False,True,False,False,15594.303888250251,False,4.79996547325295,True,True,True,
False,True,False,True,False,15617.926469346212,False,1.9904204779858956,True,True,False,
False,True,True,False,False,15671.993575118482,True,3.126673650050046,True,True,True,
False,True,False,False,False,15674.747223598102,True,4.724351036572742,True,True,True,
False,True,False,True,False,15917.50344845091,True,3.959540461033666,True,False,False,
False,True,True,False,False,15921.813906745965,True,2.24173528587422,True,True,True,
True,True,False,True,False,15968.101443870182,True,3.0355370447686205,True,True,False,
True,True,True,False,True,16005.776813541659,False,1.709386728336161,False,False,True,
False,True,True,True,False,16080.921136993113,False,2.4532004052321374,True,True,True,
True,True,True,False,True,16166.063349070897,False,1.3670415594528866,True,True,False,
False,True,False,False,False,16378.993227421184,True,3.863078416413308,True,True,True,
True,True,True,True,False,16461.294710404625,False,4.150715651327877,True,True,True,
False,False,False,True,True,16468.392392068843,False,3.855520434146416,False,True,False,
True,True,True,False,False,16515.991244706143,True,3.5227326853653906,True,True,True,
True,True,False,False,False,16538.994504980532,True,4.742952150600475,False,True,False,
False,False,True,False,False,16619.811123192976,False,3.626165779051355,True,True,True,
True,False,True,False,False,16631.26764767113,False,4.152965044157506,False,True,True,
False,False,False,False,False,16677.661774401222,True,2.812054958365385,True,True,True,
True,False,False,False,False,16689.28147891634,False,4.488679576086108,False,True,False,
True,True,False,False,False,16698.27581709103,False,4.487857794120177,True,False,True,
False,True,False,False,False,16793.12138078904,True,4.865112146414582,True,True,False,
True,True,True,True,True,16798.35177746913,False,3.2842556560650227,True,True,False,
False,True,True,False,False,16930.397161187386,False,1.6650675480203572,False,True,False,
True,True,True,False,True,16954.708373631747,False,2.9840978968479144,True,False,False,
False,False,True,False,True,16960.152710370232,False,1.3970036883997725,False,True,True,
False,False,True,False,False,16981.498323761225,False,1.6513738986239375,True,True,False,
False,True,False,False,False,16997.514530231376,True,1.8238055852894686,True,True,False,
True,False,True,False,False,16997.981801066402,False,1.6525187398117747,True,False,True,
False,True,True,True,False,17055.566290294577,True,3.358985071217053,True,False,True,
True,False,True,False,False,17062.081322060378,True,4.871447654309068,True,True,True,
True,False,True,False,False,17078.874480711627,False,4.447140268827075,False,True,False,
True,True,False,False,True,17112.44177955832,True,4.03240693271629,False,True,True,
True,True,True,False,False,17158.954353772428,False,1.9560630770450098,True,True,False,
True,True,True,True,False,17193.809357277754,False,2.463631597655428,False,True,True,
True,True,True,False,False,17255.4991794719,True,2.8492601801511928,True,True,False,
False,True,True,True,False,17270.67752566417,True,4.206716373400665,True,True,True,
True,True,False,False,False,17279.48467027919,True,3.2932743382686027,True,True,False,
False,False,False,False,False,17293.648394155,False,3.6670986922961677,True,True,True,
True,True,False,False,False,17402.291571034566,True,2.4125220806401035,True,True,False,
True,True,False,False,False,17446.968296626987,False,3.2762273334796363,True,True,False,
True,True,True,False,True,17568.279606545155,False,1.3061107213169714,True,False,True,
False,True,True,True,False,17593.914766407295,False,4.619120657362022,True,True,True,
False,True,True,True,True,17697.656969588475,True,2.064831430280329,True,False,False,
True,False,False,True,False,17737.10323397291,True,3.5916387890728783,True,True,False,
False,True,True,True,True,17770.406203952713,False,1.1277116080003586,True,True,True,
True,True,False,False,False,17788.535229043555,True,1.0854482456622585,False,False,True,
True,True,True,False,False,17912.378916808706,True,3.912876484033157,True,True,True,
False,True,False,False,False,17956.95811740007,False,4.792578447805601,False,True,True,
True,False,True,True,False,18048.74460675164,False,4.7518423893110455,True,True,False,
False,True,True,True,True,18053.328837925976,False,2.5072910335179617,True,True,True,
True,True,True,True,True,18125.963012960503,False,3.1130097951173314,True,True,True,
False,True,True,True,False,18142.193797844502,False,2.2474804163654616,False,True,True,
False,True,True,False,False,18149.28830343,True,1.5724574230369233,True,True,True,
True,True,False,True,False,18213.084664867394,False,3.6298432301352634,False,False,False,
False,True,True,False,True,18323.272359865852,True,3.3829510278083013,False,True,False,
False,False,True,False,False,18394.762064177245,True,1.3237346886795893,True,False,True,
False,True,True,True,False,18433.433835853655,False,3.043929110758692,True,True,True,
True,False,False,True,False,18458.7140752755,True,4.447080513162023,True,True,True,
False,True,True,True,False,18511.176273645422,True,4.559224533708515,True,True,False,
False,True,True,False,False,18586.93953490736,False,2.132233776107079,True,True,True,
True,False,False,False,False,18591.622076397645,True,4.868914133138467,True,True,True,
False,True,True,True,False,18661.40360508986,True,4.468359774465519,False,False,False,
True,True,True,True,True,18684.215960486334,True,4.269195410369445,True,True,False,
True,True,False,False,False,18713.329730039208,True,3.117656806202208,True,True,False,
False,True,True,True,True,18716.198057439782,False,3.2766588953337026,True,True,True,
True,False,False,False,True,18740.760734214833,True,1.9939367114699507,True,True,False,
False,True,False,False,True,18774.92365619497,True,4.877918165162884,True,True,False,
True,True,False,False,True,18808.066256818438,True,4.306160656532009,False,True,True,
True,True,True,True,False,18832.395818775185,False,2.812847945092154,True,True,True,
False,True,True,True,False,18883.921247072492,True,1.860485984973713,True,True,False,
False,False,True,True,False,18934.29983090373,False,3.2240687862749255,True,True,True,
True,True,True,False,False,18946.289723714,False,2.645463756668606,True,True,False,
False,False,False,False,False,19024.04055250939,False,2.806862961782647,False,True,False,
False,True,True,False,False,19033.07308358108,True,3.9677730755636813,True,True,True,
False,True,True,False,False,19117.48691279828,True,1.1325379623616385,False,True,False,
False,False,True,False,False,19197.859066555968,False,4.119967127497146,True,True,True,
True,True,False,False,False,19278.880453411144,True,2.6494010049311383,True,True,False,
False,True,False,True,True,19438.533371941572,True,2.6126369864253634,False,True,False,
False,True,True,False,False,19505.10786847104,True,1.415865095662355,True,True,True,
True,True,True,True,False,19517.729598648522,False,2.577591254211695,True,True,True,
False,True,True,False,True,19528.12584502504,True,2.0994850502926785,True,True,True,
False,True,True,False,False,19548.300241775753,False,2.6279711758605973,True,True,True,
False,True,True,True,False,19617.36137502082,True,1.9015204226251838,False,False,False,
False,False,False,False,False,19783.345770329033,False,1.8212676822663543,True,True,False,
True,False,False,False,False,19911.754705018986,True,2.685135233662631,True,True,True,
True,False,True,True,True,19927.83777634612,False,3.706107994456602,True,True,False,
False,False,False,False,True,19962.612491935775,True,4.803409266252704,True,True,False,
True,True,False,True,False,20033.309789865525,False,2.0955839242824164,True,True,False,
True,True,True,False,False,20189.664546731838,True,4.500622829663888,False,True,True,
True,True,False,False,False,20221.42172234237,False,3.3295091487124093,True,True,True,
True,True,True,False,False,20224.493268512524,False,1.8331383499301785,False,True,True,
False,False,True,True,False,20389.52884418687,True,2.243546336919346,True,True,True,
True,True,False,False,False,20429.594039377876,True,1.4727872624431666,True,False,False,
True,True,True,False,False,20466.857885053476,True,4.069963313948607,True,True,True,
True,True,False,True,True,20615.175232221387,False,1.1470265817484648,True,True,True,
True,True,True,True,True,20651.92413448523,False,3.54535835224385,True,True,True,
False,True,True,False,False,20664.60983000138,False,2.907666247106475,True,True,False,
False,True,True,False,False,20695.405132919215,True,1.3634465023864104,True,False,False,
False,True,True,False,False,20736.37944872087,True,1.884817405283528,True,True,False,
True,True,True,False,False,20894.46450270594,True,4.776142188537785,True,False,True,
True,False,True,False,True,20922.268283889574,True,3.3099493834202214,True,True,True,
True,True,True,False,True,20932.202085630026,True,1.1856573167184679,False,True,False,
False,True,False,False,True,20942.686080900756,False,1.5558318423523598,True,False,False,
True,True,True,True,False,20992.38028534624,True,2.923241967996026,True,True,True,
False,True,False,False,False,21026.237199442727,True,3.5230209851092047,True,True,True,
False,True,True,True,False,21082.422422983254,False,1.2249677282428477,True,True,True,
False,False,True,True,False,21121.648619901844,False,4.452739681179082,True,True,True,
True,True,True,False,False,21152.23214836312,True,2.1133669731937266,True,True,True,
True,True,False,False,False,21179.0118778421,False,3.9170064433316165,False,True,False,
False,True,False,False,False,21185.12479532734,False,2.3925424264585273,True,True,True,
False,True,False,False,True,21247.066924170664,False,4.79966394197981,True,True,False,
True,True,True,False,False,21247.256942919375,False,3.4024675381679432,True,True,False,
True,True,False,True,False,21325.314330331857,False,1.4194969533152642,True,True,True,
False,True,False,True,False,21348.501765639077,True,2.512736379648908,True,True,False,
False,False,True,False,True,21395.148306595675,True,1.9618411731573664,True,True,False,
False,True,True,False,True,21668.468590744884,False,3.983809350468415,True,True,True,
True,True,False,False,True,21670.668579261768,False,1.6610576514969098,False,True,False,
True,False,True,False,True,21776.663642350668,False,3.3619945567391847,False,True,True,
True,True,False,False,False,21978.836209741527,True,1.0511959256564811,False,True,False,
False,True,True,False,True,22010.645822717695,True,1.2871167510288037,False,True,True,
False,False,False,True,True,22120.582285638222,True,1.0330117480938048,False,True,True,
False,False,True,True,False,22135.78051150829,True,2.3832013971628347,True,True,True,
False,True,True,True,False,22208.033444368964,False,4.259257610158459,True,True,True,
True,True,True,True,False,22225.212728493112,False,1.78288936372057,True,True,True,
False,True,False,False,False,22311.80617720816,True,4.354827027807454,True,True,False,
False,True,False,False,True,22363.569190819282,True,4.534432118875827,True,True,False,
False,True,False,False,False,22383.562996920675,True,2.1707643530971246,False,True,True,
True,True,True,False,False,22412.0950460451,False,1.028985747226979,True,True,False,
True,True,True,True,True,22453.29429811874,True,2.1313262660685943,True,True,True,
True,False,False,False,False,22459.515077501797,True,4.285480833889484,True,True,False,
True,False,False,True,False,22544.962966187737,False,4.239355334993418,False,True,False,
True,True,False,False,False,22560.932064699668,True,3.6205120089354947,True,True,True,
True,False,False,False,False,22573.112861909667,False,3.5116286135847226,True,True,True,
False,True,True,False,True,22574.612865380466,False,4.661182142118207,True,True,False,
False,False,True,False,False,22611.43913985385,True,2.021632404280524,True,True,True,
True,True,False,True,False,22675.996426939517,False,2.8099267711815297,True,True,True,
False,True,False,False,False,22703.98745500732,False,2.2158530780598387,False,True,True,
True,True,False,False,False,22875.69671391557,False,4.4491784463379425,False,True,True,
True,True,True,False,False,23018.303742494514,True,4.951582055905205,True,True,False,
True,True,True,False,True,23052.550489632333,False,2.4305857921867244,True,True,False,
True,True,True,False,True,23170.731263976235,True,2.134926041681753,False,True,True,
True,True,False,True,False,23280.48205410178,False,3.196031525875975,True,True,False,
False,True,True,False,False,23295.852010324874,True,2.814899031119394,True,True,False,
False,False,True,False,False,23359.993480974696,False,3.5381847653671032,True,True,True,
True,False,True,False,True,23439.22204088698,True,4.945019320502002,True,True,False,
True,True,False,True,False,23460.56935907641,True,4.006098333683776,False,True,True,
False,True,True,True,False,23565.000157436843,True,3.866094936956843,True,True,False,
True,True,True,False,False,23583.576708304052,False,1.847468645939791,True,True,True,
False,True,True,False,True,23702.708261971216,False,1.7728333280259791,False,True,True,
False,True,True,True,False,23812.482897602153,False,2.583045966261217,True,True,True,
False,False,True,False,False,23875.757363021632,False,4.568766384071684,True,True,False,
True,False,True,True,False,23903.067202609138,True,4.072148844008334,True,True,False,
False,True,True,False,True,23996.73102728236,True,4.515204682224162,True,True,False,
True,True,False,False,False,24043.83881184461,False,3.966319993349556,True,True,False,
True,False,True,False,True,24195.650864115112,False,1.9822112294464382,True,True,False,
True,True,True,False,True,24422.65017083237,False,1.6876605182096656,True,True,False,
True,True,True,False,False,24427.48961381854,False,4.007042731381195,True,True,True,
False,True,False,False,False,24508.069475358803,False,4.682977176153113,True,True,False,
True,False,True,False,False,24601.009950317442,False,1.9327607542481546,True,True,True,
False,True,True,False,True,24701.02387390595,True,2.27881073958895,True,True,False,
False,True,True,False,True,24743.82236292985,True,2.2720759037785254,True,True,True,
False,False,False,False,False,24747.401819527047,False,4.971913842531577,True,True,True,
False,False,True,False,True,24750.527779507327,False,3.076845086643149,False,True,True,
True,False,False,False,True,24819.815452882754,True,4.353875523641811,True,True,False,
True,True,True,False,False,24880.971548431688,False,2.884404978272205,True,True,False,
True,True,True,False,False,24923.416146538104,True,2.486985414335426,True,True,False,
True,True,True,False,False,24953.825284185663,False,1.333190305406959,True,True,False,
True,True,True,False,False,24983.295050600846,True,4.064105586047195,True,True,False,
True,True,True,False,False,25012.216518695473,True,2.271546528677018,True,False,True,
False,False,True,False,True,25043.55180684652,False,4.987195938833725,True,True,False,
True,False,True,True,True,25084.49108075788,True,4.163815481294773,True,True,False,
True,False,False,False,True,25139.245332401697,False,4.800759512982617,True,True,False,
True,False,True,True,True,25147.53712806629,False,3.5414619800946396,False,True,True,
False,True,True,False,False,25177.835239530505,False,1.861764039025116,True,True,False,
False,True,True,False,False,25347.379405216976,False,2.7350855992039826,True,True,True,
True,False,True,True,True,25350.323734219186,False,1.232614744551645,True,True,True,
False,True,True,False,True,25375.46732769239,True,3.3943894784031845,True,True,True,
False,False,False,False,False,25663.373382103204,False,4.439533042642274,False,True,True,
False,False,True,True,True,25666.30178741194,True,2.5680404633762084,True,True,True,
False,True,True,False,False,25709.481446383117,True,4.200788225251804,True,True,False,
False,True,True,False,False,25763.583877609726,False,4.6966925709053555,False,True,True,
True,False,True,False,True,25828.54091815967,False,3.034113207788585,True,True,False,
False,True,True,True,False,25846.82366633113,False,1.5229061934065036,True,True,True,
False,True,True,True,True,25851.41826544197,False,1.8262041715047892,False,True,False,
False,True,True,False,False,25928.696977447373,False,3.6520854683184227,False,True,False,
True,True,True,True,True,25957.665521577663,False,2.988079990827504,True,True,True,
True,False,True,False,False,25958.87403997446,True,4.1396244495969405,True,True,True,
False,True,False,True,False,26021.414270168334,True,2.8825554523403243,True,True,True,
True,False,True,False,False,26075.061928534524,False,4.653645502847622,True,True,True,
True,False,False,True,False,26125.987287226697,False,1.6980043699175735,True,True,False,
False,False,True,True,True,26148.28277705361,True,4.691179059187412,True,True,True,
False,True,True,True,True,26283.26201207184,False,1.0389998320122853,True,True,False,
False,True,True,False,True,26311.141025509598,True,3.0858926952077113,True,True,False,
False,True,True,True,False,26332.233867447354,False,2.008391979267903,True,True,False,
True,False,False,False,True,26341.024251387167,True,3.494562078756869,False,True,False,
False,True,False,False,False,26344.89372088628,False,1.0696074417094286,True,True,False,
False,True,True,False,True,26381.766767894158,False,4.811865472359067,True,True,True,
True,True,False,False,False,26405.360161884604,True,3.1450098473180628,True,True,False,
True,True,True,True,True,26407.20469196682,True,2.952571613883936,True,True,False,
False,True,True,False,False,26431.822397965476,False,2.461399608109485,True,True,True,
True,True,True,False,True,26532.811874549607,False,2.7642898205204665,True,True,False,
True,False,True,False,True,26590.649607945696,True,1.1720038344183115,True,True,False,
True,True,True,False,True,26599.012336541873,False,1.1886040322235836,False,True,False,
False,True,False,False,False,26605.685630297397,True,3.6906639367913496,True,True,False,
False,False,True,True,False,26652.422376856626,False,3.0254056979231456,True,True,True,
True,True,False,False,False,26713.733150059492,True,4.1253628008394845,True,True,False,
False,False,True,False,False,26750.54004953256,False,3.8575167681573643,True,True,False,
True,True,True,False,True,26772.496647828757,True,3.757786024717292,False,True,False,
False,True,True,False,False,26806.379750585034,False,2.9901605058920633,True,False,False,
False,False,False,False,True,26808.09848239596,True,3.2202260004055585,True,True,False,
True,True,True,True,False,26813.436847914876,True,3.1130482988787236,False,True,True,
True,False,False,False,True,26883.311386046717,False,1.606577874178392,False,True,False,
False,True,True,False,True,26900.478600427232,False,2.52783501413692,False,True,False,
True,True,True,False,False,26914.398089955255,True,3.029931967083493,True,True,True,
False,True,True,False,False,26946.992586070894,False,1.725585669799671,True,True,False,
True,True,False,True,False,26954.20321827565,True,2.2742763835031914,True,True,False,
False,True,True,True,True,27264.02235369664,True,1.9655621077792276,True,True,True,
True,False,True,False,False,27279.058867717755,True,2.4679505072329757,True,True,False,
False,True,False,False,False,27305.180532605184,True,3.428499207983845,True,True,True,
True,True,False,False,False,27455.608656172644,False,2.261758251049335,True,True,True,
True,True,True,False,True,27484.64622300309,False,4.3057110101802225,True,False,True,
True,False,True,True,True,27488.832709307047,False,4.281594438941074,True,True,False,
True,False,True,False,False,27495.334489006116,True,1.0522419233633413,True,True,False,
True,False,True,False,False,27618.17776567559,False,2.015301244373411,True,True,False,
True,False,True,False,True,27650.2194599138,True,1.592863174392626,True,True,False,
True,True,False,False,False,27690.9593599138,False,1.9052611396645642,True,True,False,
False,False,False,False,False,27712.510840364364,False,1.1128641712978884,False,True,True,
False,True,False,True,False,27893.29319414628,True,2.949451386257205,False,True,False,
True,True,True,False,False,27987.47806334979,False,1.9575928369555147,True,True,False,
False,True,True,True,True,28026.972478308122,False,2.04524013402653,False,True,True,
False,False,True,True,True,28043.334292690426,True,2.7323612321512423,True,True,False,
True,False,True,False,True,28217.061902570204,False,3.481309716590258,True,True,True,
True,True,True,False,False,28337.442790362395,True,1.3752792091088564,True,True,True,
True,False,True,False,True,28379.490592392853,True,3.723480795442721,True,True,True,
False,True,True,True,True,28432.77551834823,True,2.754889862968653,True,True,False,
True,True,True,False,False,28442.366039699835,True,2.530956288014668,True,True,False,
True,True,True,False,False,28482.044759362238,True,4.429975800883733,True,True,True,
False,True,True,False,False,28622.371414374895,True,3.1886436931723345,True,True,False,
True,True,True,True,False,28654.87896491566,False,1.0160730909868119,True,True,True,
True,True,True,False,False,28667.18893979438,False,3.9637598439710007,False,False,False,
True,True,True,False,False,28689.844710887803,False,4.720773701781493,True,True,False,
False,False,True,True,False,28777.872657166357,True,3.927134430071988,True,True,False,
False,False,True,False,False,28841.725375528193,False,2.4966144659134724,True,True,True,
True,True,True,False,False,28854.92293853503,False,2.4851012221452815,True,True,True,
False,True,True,True,True,28877.946851969606,True,2.8509715835365443,False,True,False,
True,True,False,False,False,28946.142279820582,True,4.609198806240482,True,True,True,
False,False,True,False,False,28961.470175648585,True,2.3331607248333017,True,True,False,
True,False,False,False,True,28981.74228400765,False,1.557176829484935,True,True,True,
True,True,True,False,False,28989.700525845677,True,1.9330248881242627,False,True,True,
True,True,True,False,True,29035.98678423601,True,3.982457134093204,True,True,False,
True,True,True,True,False,29189.908088889795,False,3.86432460022459,False,True,True,
False,True,False,True,False,29219.80519095259,False,1.3366815992156549,True,True,True,
True,True,False,True,True,29300.98333452054,True,4.4829091392664715,True,True,True,
True,True,True,False,True,29363.47657436448,False,2.12968086011843,True,True,True,
True,True,False,True,False,29469.060766449988,False,3.8246654801554807,True,False,True,
True,False,False,False,False,29495.115146639502,True,4.016629961650483,True,True,True,
True,True,True,False,False,29731.529468460732,True,1.3445186127384834,True,True,True,
True,True,True,False,False,29838.162305149275,False,3.759640446112541,True,True,True,
False,False,True,False,False,29868.126635488105,True,1.6949008768260567,True,True,True,
True,False,True,False,False,29868.577779926298,False,4.126576613177887,False,True,False,
False,True,True,True,True,29880.362306554707,True,4.446801333190639,True,True,True,
True,True,True,False,False,29883.744195494277,True,4.301322735345098,True,False,False,
True,False,True,True,False,30073.400914620972,True,3.3031033398203915,True,True,True,
False,False,False,False,True,30078.24233227234,True,2.749809350347319,True,True,True,
True,True,True,False,True,30080.192651867368,False,1.6714696090260985,False,True,True,
True,True,True,True,True,30083.40277370598,False,1.6581880618836808,True,True,True,
True,True,False,False,True,30126.293154178016,True,3.338525160107243,False,True,False,
True,True,True,False,False,30196.734322273398,False,2.900340308717694,True,True,False,
True,False,True,True,False,30278.663598327414,True,1.6799823912692404,True,True,True,
True,False,True,False,True,30333.447389233246,False,4.892989545213977,True,True,False,
True,False,False,True,False,30415.258787843977,True,4.910957312397304,True,True,False,
True,True,True,True,False,30431.86107776009,True,4.7582782532149235,True,True,False,
True,True,True,False,False,30505.719392037234,True,4.809016267632266,True,True,True,
True,True,True,False,True,30509.66209389421,True,2.99262037082435,True,True,True,
True,True,True,True,False,30640.90045321787,False,3.885416557107548,False,True,False,
False,True,True,False,False,30670.709545473943,True,4.494654350090322,True,True,False,
False,True,False,False,False,30678.719001981735,True,4.249905466064174,True,True,False,
False,True,True,True,True,30727.89869102869,True,2.169918641885938,False,True,False,
True,True,True,False,False,30765.830057430427,True,2.445410012230308,True,True,True,
True,True,True,True,False,30827.187575119195,True,1.7483332687269892,False,True,False,
True,False,True,False,True,30874.204012133225,True,2.0527597534444544,False,True,True,
False,True,False,False,False,30878.0003479515,False,3.457181771435741,False,True,True,
False,True,True,False,False,30915.40230558281,True,2.4362270943785176,True,True,False,
False,False,True,True,False,30937.886890563284,True,3.07546693000919,False,True,True,
False,True,False,True,False,30938.209562618387,False,3.8569374227722357,True,True,False,
True,True,True,True,False,30964.02847201995,True,1.1479509910331878,True,True,False,
False,False,True,False,False,30980.30243906985,True,2.3338470643435647,True,True,False,
False,True,True,True,False,30981.385022104914,True,3.434299368110803,True,True,False,
False,True,True,False,True,31050.31632073817,True,4.598919179909657,True,True,False,
True,False,True,False,False,31132.088764633227,False,1.1547375433304672,False,True,True,
False,True,False,True,False,31276.111328112376,False,4.034519652630982,True,True,True,
False,True,True,False,False,31368.81351031571,False,1.6945889911135912,False,True,False,
True,False,False,True,True,31491.192481641054,True,1.1859710096573783,True,True,False,
True,False,True,False,False,31601.18586278412,False,1.9112409413617617,True,True,False,
True,True,True,False,True,31690.581631575587,True,4.02145607372235,True,True,False,
False,True,True,False,True,31725.576429786197,False,1.8406775403645583,True,True,True,
False,True,True,True,True,31731.07352475028,False,2.8938073294967346,False,True,True,
True,True,False,True,True,31836.95161906709,True,4.74154924857425,True,True,True,
False,True,True,False,False,32026.22612980392,False,1.3548104970172687,True,True,True,
False,True,True,True,False,32054.894428597578,False,3.2318407848944193,False,True,True,
False,False,True,True,False,32083.43347598312,True,3.2294322210088744,True,True,True,
False,True,True,False,False,32121.285709247364,True,1.4794432584371173,True,True,True,
True,True,True,False,False,32163.829344696576,True,1.792330910828575,True,True,True,
True,True,True,False,False,32335.939678941562,False,4.276609086602595,True,True,False,
False,False,True,False,True,32369.044312703045,False,1.7417001045218634,True,True,False,
True,False,False,False,False,32415.16195468219,True,2.09742114789376,True,True,False,
True,True,True,False,False,32423.301198860412,False,2.7819983754492648,True,True,False,
False,False,True,False,True,32431.957683340213,False,2.6327102798602042,True,True,True,
False,True,True,False,False,32586.738446888852,False,1.6952488420080236,False,True,True,
True,False,True,False,True,32590.45433024303,True,1.345061056567702,True,True,False,
True,True,False,False,False,32671.715588529845,True,3.2138506907073494,True,True,True,
True,False,True,True,True,32708.124174544242,False,4.562979299297899,True,True,True,
True,False,True,True,False,32714.395537302316,True,1.1587843745959208,False,True,False,
True,False,True,False,False,32729.687879693778,True,3.3647474120632554,True,True,False,
False,True,True,False,False,32903.332684474226,False,1.2572751804104403,True,True,False,
False,False,True,False,True,32928.8166139568,True,4.086646224736677,False,True,True,
True,True,True,True,False,32959.07068215165,False,4.9065647093983,True,False,False,
False,True,True,False,False,32991.791494083576,True,1.7251999458918688,True,True,True,
True,True,False,False,False,33291.164595474314,True,1.5599169671518456,False,True,True,
False,True,True,True,True,33318.14638919931,True,2.612927580372096,True,True,False,
False,False,False,False,False,33494.567564233104,True,1.7252038134500265,True,True,True,
True,False,True,False,True,33505.290036663406,False,2.214199204482275,False,True,True,
False,True,True,False,False,33507.07543872519,True,3.5109742678019646,False,True,True,
True,True,True,True,False,33519.38930863494,True,3.5691950350876556,True,True,False,
True,True,True,False,False,33535.22078593997,True,4.9041857298584155,True,True,True,
True,True,True,True,False,33551.4483724966,True,1.9479670679944099,True,True,False,
True,True,True,False,False,33592.44372380239,False,2.790223754291202,True,True,True,
True,False,False,False,False,33747.74133440664,False,4.8837895071239945,True,True,False,
False,True,True,False,True,33759.91494083619,False,2.1070922348974084,True,True,False,
True,True,False,True,False,33790.40520625782,False,3.483316349947342,True,True,False,
False,True,False,False,False,33906.58225780513,False,4.674491278609684,True,True,False,
False,False,True,True,False,33935.78609127873,True,3.739057551997379,True,True,True,
True,True,True,True,True,33943.799570639785,True,1.6495868108897627,True,True,True,
True,True,True,False,False,33966.64396373627,False,4.527592135767527,True,True,False,
False,False,True,True,True,34117.319762309155,False,2.9182754235760875,False,True,False,
False,True,False,False,False,34184.31946974469,True,4.940517998937445,True,True,True,
True,True,True,True,False,34296.90900621491,False,4.946598923015809,True,True,False,
True,True,True,False,False,34380.51157790216,True,1.0233932344112144,False,True,True,
False,True,True,False,False,34383.34242275864,True,1.9964030421366847,True,True,False,
True,True,True,True,True,34522.96641563584,True,3.473320415414625,True,False,False,
True,False,True,False,False,34601.67787461591,False,2.925463071513508,True,True,False,
False,True,True,True,True,34618.992716775116,True,4.560639015984909,False,True,False,
True,True,False,False,False,34648.02205375676,False,2.5803991268458444,True,True,False,
True,True,True,False,False,34695.69888962376,True,1.7724957106649053,True,True,False,
True,False,True,False,True,34856.15064509161,False,2.1639379199733018,False,True,True,
True,True,True,False,False,34871.73127979611,True,3.59290726577271,True,True,False,
False,True,True,False,False,34889.56183462639,False,3.372813182256986,True,True,True,
False,True,True,False,True,34934.17376838733,True,1.2785959864270282,True,True,False,
True,True,True,False,False,34974.57695818612,False,2.5114575712941263,False,False,True,
False,True,False,True,False,35043.64015031672,True,2.574399182851077,True,False,True,
True,True,True,True,True,35085.37256017682,False,2.8836506780087636,True,True,False,
False,True,True,False,False,35089.410486534434,False,3.8362512291638566,True,True,False,
False,False,True,False,True,35131.288736944894,False,2.1508993108839114,True,False,True,
False,True,True,False,False,35182.270334687404,False,1.119143293307324,True,False,False,
False,True,False,False,True,35338.016703205234,True,1.1615923815108893,False,True,False,
False,True,True,False,False,35353.150227738864,False,3.3369980507349566,False,True,False,
True,True,True,False,True,35371.05499865252,False,2.4729235233234563,True,True,True,
False,False,False,True,False,35402.14589822495,False,1.9506535071840938,True,True,False,
True,True,True,True,False,35489.68670381468,True,2.2864795174432073,True,True,False,
False,True,True,False,False,35528.162605897356,False,3.57116186871956,True,True,True,
True,True,False,False,False,35538.819287815604,False,1.999602533990025,False,True,False,
True,False,True,False,False,35578.25901712024,True,2.845769137140675,True,True,False,
True,True,True,False,False,35620.451838057634,False,3.0752133871446232,True,True,False,
False,True,False,False,False,35631.633381481246,True,1.4472479067155986,True,True,True,
True,True,False,True,True,35856.87588305518,False,2.0208835144951673,True,True,True,
False,False,True,False,True,35888.70991734874,False,4.853015696443533,False,True,False,
True,True,True,True,False,35973.990769231656,True,2.411741177916548,True,True,True,
True,True,True,True,True,35990.330590479716,False,2.489756438486382,False,True,False,
False,True,True,False,False,36049.30312607109,True,2.524335858007335,True,True,False,
False,True,True,False,True,36089.66712843943,False,3.2300379033531543,True,True,True,
True,True,True,True,False,36115.984595302565,True,4.004418807866469,True,True,False,
False,True,True,False,False,36182.65924160202,True,3.666759359784238,True,True,True,
False,False,False,False,True,36234.19297907136,False,4.861775992587102,True,True,True,
True,True,True,False,True,36246.07326841439,False,4.238238595447443,False,False,True,
True,True,True,False,False,36416.100598644036,False,4.492791308936868,True,True,True,
True,True,False,False,False,36425.94371642875,False,3.5003426722751794,False,True,False,
True,True,False,True,False,36428.68466186465,True,1.046239879223776,False,True,False,
True,True,True,True,False,36479.914441156,False,2.8638429261233975,False,True,False,
False,True,True,False,False,36508.351438515434,True,2.7263543414177507,True,True,False,
False,True,True,False,False,36558.507416925204,False,4.733810198501419,True,True,True,
True,False,True,False,False,36618.25109070734,True,1.1306509208986424,True,True,True,
True,True,True,False,False,36619.94897401888,True,3.841777641537747,False,True,True,
True,True,True,False,False,36707.437849224174,True,1.0380936373220764,True,True,True,
False,True,True,False,True,36727.33521716723,True,3.503696169051792,True,True,True,
True,True,False,False,True,36802.50416017161,False,2.888162864177236,True,True,True,
False,True,True,False,False,37058.806673718325,False,4.2793365675591115,True,True,False,
True,True,True,False,False,37103.76189143955,False,4.125043649727643,True,False,True,
False,False,False,False,False,37308.64213483221,True,1.9195607836360975,True,True,False,
False,True,False,False,True,37316.71369477812,True,2.963479139102336,False,True,False,
True,True,True,False,False,37374.26244976652,True,2.879912186365216,True,True,False,
False,False,False,False,False,37386.886105124206,False,3.51259033979606,True,False,False,
False,True,True,False,False,37461.87311249563,True,3.6613820056485578,True,True,False,
True,True,False,True,False,37646.817917393426,False,2.8803391060443606,True,False,True,
True,True,False,True,False,37750.237540556125,False,1.3558070897292698,True,True,False,
True,True,True,True,False,37761.29732672007,True,4.938703455371941,False,True,True,
True,False,True,False,False,37910.96480285822,False,4.54398236438289,True,True,True,
True,True,True,True,True,37921.78259926797,False,3.362594429369468,True,True,True,
True,False,False,False,False,37981.1265042516,False,4.697144154005933,True,True,True,
True,True,False,False,False,38028.771293590005,True,3.7757362979935984,True,True,True,
False,True,True,False,True,38141.59663489445,False,2.881431791822646,True,True,False,
False,False,False,False,True,38143.028366194565,False,4.871440490339781,False,False,True,
False,False,False,True,False,38156.35103397167,False,2.9683785088380676,True,True,False,
False,False,True,False,True,38209.48493767888,True,3.0504170880910397,False,True,True,
True,True,False,False,False,38215.07306021683,False,3.888639638682326,True,True,False,
True,True,True,False,True,38313.031739640785,True,4.130559069333773,False,True,False,
False,True,True,False,False,38315.15151242956,False,4.713466039101512,False,True,True,
False,True,True,False,False,38332.60392491461,False,4.3510109904745455,True,True,False,
False,True,True,False,False,38340.890100028366,True,1.1928072957702858,True,True,False,
True,True,True,False,True,38367.46238965712,False,2.599100778441773,True,True,True,
True,True,True,True,True,38367.67173414226,False,2.870254730386538,True,True,True,
True,True,False,False,True,38379.03358610614,True,2.2984809490422466,True,True,True,
False,False,True,False,False,38422.22310218389,True,4.46906492819817,False,True,True,
False,True,True,False,False,38462.409825619834,False,1.6058493095400932,True,True,True,
True,True,True,True,True,38488.86287085857,False,1.6982534644352278,True,True,True,
False,True,True,False,False,38490.51922153192,True,1.418817269361949,True,True,True,
True,True,True,False,False,38531.872816476556,True,1.413569515710373,False,True,False,
False,False,False,False,False,38588.42991100959,True,2.449224531777744,True,True,True,
False,True,True,False,False,38678.111309320266,True,1.0096773620515682,True,True,True,
True,False,True,False,True,38705.64157100857,True,1.1318191110754814,True,True,True,
True,True,True,False,True,38760.298233008325,False,3.632184605920793,True,True,False,
True,False,True,True,False,38931.40983534462,False,1.5478062557975534,False,True,True,
False,True,False,False,True,39028.518155887556,False,3.504780013687402,False,True,True,
True,True,False,True,False,39044.976006894154,False,4.396359496100098,True,True,False,
True,True,False,False,True,39049.68713237797,False,2.6207194381671663,True,True,False,
False,True,True,False,False,39058.996688393614,True,2.606437879344985,True,True,False,
False,False,False,False,False,39156.96720135223,True,3.5672968519780963,True,True,True,
False,False,True,True,True,39235.945324961096,False,4.1662264464443215,False,True,True,
False,True,True,False,False,39248.155936508985,True,4.62791741724142,True,True,True,
True,True,True,False,False,39387.502153402485,True,3.108224942789437,False,True,True,
True,False,True,False,False,39456.545976192145,False,2.058192934566022,False,True,False,
False,True,False,False,False,39467.57156735075,False,1.9497620500376995,False,True,True,
False,True,False,False,False,39582.03907471371,False,2.2888317910750136,True,False,True,
False,True,True,False,True,39604.89347912524,False,3.2756563827484055,True,True,False,
False,True,False,True,True,39623.40534669099,True,3.8473358248622755,True,True,True,
True,False,True,False,False,39634.96653536299,False,4.835253695632416,True,True,False,
True,True,True,False,False,39642.402022067494,False,4.554300074901744,False,True,False,
False,True,True,False,True,39736.36240050146,False,2.6393497525716705,True,True,True,
True,True,True,False,False,39768.973148749916,False,3.5267516025306787,True,False,True,
True,False,True,True,False,39813.44463266222,True,2.9353548798406845,False,True,True,
True,True,True,True,False,39833.98408536436,True,3.8439515320591817,False,True,False,
False,True,False,True,False,39911.68965823113,True,1.7427696031774098,True,True,True,
False,True,False,False,False,39931.742433244355,False,3.807606268220253,True,True,False,
True,True,True,True,False,39952.32909467836,False,1.4887319536093728,True,True,True,
True,False,False,True,False,39978.50054712859,True,1.4761575351856768,True,True,True,
False,False,False,True,False,40070.46774341018,True,3.5673966630530054,True,True,True,
True,True,False,False,False,40071.53824974318,False,3.438853227070807,True,True,False,
True,True,True,False,False,40077.73808288915,False,4.190502244359573,True,True,True,
True,True,False,False,False,40078.61285571153,True,4.089029574143655,True,True,False,
True,True,False,False,False,40151.84003351434,False,2.8076648729119666,True,True,True,
True,True,False,False,False,40343.44915094459,False,2.20091430752016,True,True,True,
True,True,True,False,False,40487.829265629705,False,4.517308460918572,True,True,True,
False,True,True,False,False,40575.78034479062,True,2.0228158228714004,False,True,False,
True,True,False,False,False,40577.45964822823,True,3.2538239212370352,True,True,True,
False,True,True,False,True,40702.59491654076,False,1.3750636574299056,True,False,False,
True,True,True,False,False,40804.19325075402,True,4.371461331804644,True,True,True,
True,True,True,True,True,40827.42608577737,False,2.229171757265817,True,True,True,
False,False,True,True,False,41209.486801457984,False,4.026339255343522,True,True,False,
True,True,False,True,False,41262.20829363429,False,4.54546973906184,True,True,True,
True,True,True,True,False,41326.46658099848,True,3.4739196269471595,True,True,False,
False,True,False,False,False,41337.79298576206,False,4.06108847517485,True,True,False,
True,True,False,False,False,41392.749302952994,False,1.8621990444077268,False,True,True,
False,True,True,False,True,41420.540367120455,True,1.3336951548290212,True,True,False,
True,True,False,True,False,41561.815160992715,False,1.6445013885046067,True,True,False,
True,False,True,True,False,41708.69774847656,False,3.365976213986973,True,False,True,
False,True,True,True,False,41841.57310650957,True,4.2639470172808105,True,True,False,
False,False,True,False,False,41849.95265848279,True,1.5264962053226392,False,True,False,
False,False,True,False,True,41994.590275767354,False,4.6428237286786285,True,True,False,
False,False,True,False,False,42033.49968597545,True,4.360407299835363,False,True,True,
False,True,False,False,False,42062.14625471454,True,2.28317176114982,True,True,True,
False,True,True,False,False,42072.64676413713,False,1.1907718005883674,False,True,False,
True,True,False,False,False,42204.189507398485,True,2.770484956612623,True,True,False,
True,True,True,False,False,42233.69024032989,True,4.6857648161505026,False,False,True,
True,False,True,False,False,42240.513970435146,False,2.938970386344438,True,True,True,
True,True,True,True,False,42303.41148502428,False,1.048718277529864,True,True,True,
True,True,True,False,False,42552.004073749275,False,1.0609588001426884,True,False,False,
True,True,True,False,True,42563.26998646659,False,1.3785444634571857,True,True,False,
True,False,True,False,False,42587.467757863174,True,4.994445551058468,True,True,False,
True,True,False,True,False,42685.110507261255,False,4.097243679888626,True,True,False,
False,True,True,False,False,42724.72315098174,True,3.5594577433824384,True,True,False,
True,False,True,False,False,42797.51952184228,True,4.883689457712402,False,True,False,
False,True,True,True,False,42817.92100657173,True,2.58100925439218,False,True,True,
True,True,True,False,True,42858.35274120559,True,2.981676291431118,True,True,True,
False,True,True,True,False,42902.31629147373,False,1.924363785747786,True,True,True,
False,True,False,False,False,42929.11381818067,False,2.9351910612525187,True,True,True,
True,False,True,True,False,42948.35098015358,False,1.5324382945976263,True,True,False,
True,True,False,False,False,42950.78309215178,False,4.018956396798,True,True,False,
False,True,False,False,False,42955.55304688029,False,2.2460254306885092,True,True,False,
True,True,True,True,False,42966.50229412984,True,2.852853516107126,True,True,True,
False,True,True,False,False,43017.230674696024,True,3.084201011666863,True,True,False,
False,True,False,False,True,43081.43486192375,False,3.3779083203941087,True,True,True,
False,False,True,True,False,43091.021976070784,False,2.29184106369341,True,True,True,
False,True,True,False,True,43132.30752393969,False,1.426730707334412,True,True,False,
False,True,True,False,True,43299.26242488589,True,1.9454079421288633,True,True,True,
False,True,True,True,False,43317.93675868556,True,3.278682998977802,True,True,False,
False,True,True,True,False,43342.95185904029,False,3.7772711986594283,True,True,False,
True,True,False,False,False,43395.020846216445,False,1.5743490914151144,True,True,True,
False,True,False,False,True,43439.316706850055,False,1.0380531785143363,False,False,False,
True,True,False,False,False,43454.382492161334,False,2.3068922201982023,False,False,True,
False,True,True,False,False,43488.137106830705,True,1.99589163909366,True,True,False,
True,True,False,False,False,43586.92214932449,True,4.554850802594961,True,True,False,
True,False,True,False,False,43605.32253858808,False,3.9010508526317103,True,False,True,
False,True,False,True,True,43613.90841980851,False,3.9004381829719024,True,True,True,
True,True,True,True,False,43630.3251414021,False,4.09615136627525,True,True,False,
True,False,False,True,False,43630.62050679923,True,4.709990438573152,False,True,False,
True,True,True,True,True,43696.97496723173,True,1.9144733229083783,True,True,True,
False,False,True,True,False,43729.19975245784,False,2.9151002202184406,False,True,False,
False,False,False,False,False,43784.113811073155,False,1.4235995501070766,True,True,False,
False,False,True,False,False,43793.17510598589,False,2.2420301541345435,True,True,True,
False,True,False,False,False,43867.385321581605,False,4.919419589817675,True,True,False,
False,True,False,True,True,43945.83653492384,True,1.6704942320972522,True,True,True,
True,True,False,False,True,44176.93159364394,True,1.2612010129293743,False,True,False,
False,True,False,True,False,44191.1593248382,False,2.2419411766090125,True,True,False,
False,True,False,False,True,44219.48690516651,False,4.1689692527424835,True,True,False,
True,True,True,True,False,44278.3503265346,False,1.1928949337257877,False,True,False,
False,True,True,False,True,44320.07570837829,True,2.915104570209979,True,True,True,
False,True,True,False,True,44341.92080121159,False,1.5188333444966773,False,True,True,
True,True,True,False,True,44556.680792990854,True,2.904558199924052,True,False,True,
False,True,True,True,False,44671.13569498294,True,2.7828110397702,True,True,False,
True,True,True,False,False,44706.483369611036,True,4.310564449580039,True,True,True,
True,False,True,False,False,44709.0894026787,False,4.613547663811129,False,True,True,
False,False,False,False,False,44814.57561219205,False,2.3009855328279567,False,True,True,
False,True,True,False,False,44881.055669500754,True,1.5871083814824614,True,False,False,
True,True,True,False,True,44947.208584490436,False,2.979553726937407,True,True,True,
False,True,False,False,False,44955.960436004745,True,4.276873925020897,True,True,False,
True,True,False,True,False,45011.40604955958,False,2.777767359832272,True,False,True,
True,True,False,True,False,45119.9148239833,True,2.0012114794763387,False,True,True,
False,True,True,False,False,45239.89374009891,False,2.7253582022287857,True,True,True,
True,True,False,True,False,45262.26286013059,False,4.327821639588785,False,True,False,
False,True,True,True,False,45319.032505645744,False,3.912815881286129,False,True,True,
False,False,False,True,False,45424.030265582536,False,2.6843971912542126,True,True,True,
True,False,False,True,False,45432.67140665527,True,4.0111926719858,True,False,True,
True,True,False,False,True,45498.01884656305,False,1.9056270275164406,True,False,True,
True,False,True,False,False,45637.02535726473,False,3.220008379602267,False,True,False,
False,True,True,False,False,45639.24928501837,True,1.9991262444061202,True,False,True,
False,True,True,False,True,45662.85199347524,True,1.7243105737412088,True,True,False,
False,False,True,False,False,45810.403354174276,True,4.212980258040183,True,False,True,
True,True,True,False,False,45820.880281194855,False,2.325270280687134,False,True,False,
True,True,True,True,False,46139.41283654463,False,3.2217452125814035,True,True,False,
False,True,True,False,False,46233.24814417363,False,4.764916682237003,True,True,True,
True,True,True,True,False,46255.96969279459,True,4.8248318854888295,True,True,False,
False,False,False,False,False,46409.29733213327,False,1.4330210087109392,True,True,False,
False,False,True,False,False,46447.162655727436,True,4.559455475161643,True,True,False,
False,False,True,True,False,46566.495959949636,True,1.9517109426364039,True,True,False,
True,True,True,False,False,46566.559594426086,False,1.3468693280761341,False,True,False,
True,False,False,False,True,46627.47328401512,False,4.342455019594416,True,True,False,
False,True,True,True,False,46680.874491565366,False,4.447696859233558,True,True,False,
True,False,True,True,False,46724.32872560088,False,2.2054510262707265,True,True,True,
False,False,True,False,False,46768.22015677106,False,2.6315186725864104,True,False,False,
True,True,True,False,True,46773.33588334771,True,2.1925644086077276,False,True,False,
True,True,True,False,True,46816.041196269354,False,1.1969577690370201,True,True,False,
False,True,True,False,False,46833.05397078912,False,4.5639736266048905,True,True,True,
False,True,False,False,False,46921.67783258465,False,4.337597742324313,True,True,True,
False,True,True,False,True,47060.16620959513,True,2.7338464339830257,True,True,True,
False,False,False,False,False,47070.88865604657,True,4.572614387408471,True,True,False,
True,False,True,True,True,47161.466686648026,False,4.136701700049638,True,True,True,
False,True,True,False,False,47262.46926675656,False,4.976098386122127,True,True,False,
True,True,True,False,False,47363.441141045914,True,2.4567385939077226,True,False,True,
True,True,True,False,False,47371.95696655061,False,2.4042941190097054,True,True,False,
False,True,True,False,False,47407.17359464683,True,3.7344078288404865,True,True,True,
True,True,True,True,False,47418.894829263794,True,3.0912132543474127,True,True,True,
True,True,True,False,False,47439.84424201659,False,2.5394925333995975,True,True,True,
True,True,False,False,False,47462.444629711914,True,4.07351829983044,True,True,True,
True,False,False,False,False,47559.226707504524,False,2.7092403529014906,True,True,True,
False,False,True,True,True,47611.19519872525,True,2.976779734213371,False,False,True,
True,True,False,False,False,47633.20059293487,False,1.5588630758367512,True,False,False,
True,True,False,False,False,47637.065219222175,False,4.677654313746729,True,True,True,
False,True,True,False,False,47651.6234574476,False,1.7316538890778461,True,True,False,
False,False,True,True,False,47655.52150126074,True,3.7472777331223206,True,True,True,
False,True,True,False,True,47803.185313935086,False,3.1711981683878188,True,True,False,
False,False,False,True,False,47818.45425291763,False,3.807871822722366,True,True,False,
False,True,False,False,False,47900.90725032976,False,2.054712267777628,False,False,False,
True,True,False,True,False,47918.683798797385,True,3.824706893323969,False,True,True,
True,True,True,False,False,47965.663300252505,True,1.9750194608525606,True,True,True,
False,True,True,False,True,48101.75050175978,True,2.131467548000143,True,True,True,
True,False,True,False,False,48116.51950709981,False,3.6163762681056744,False,True,False,
True,True,True,False,False,48131.944760421495,True,1.8214758576025614,False,True,True,
False,False,True,False,False,48364.64001320932,False,1.5053538354752,True,True,False,
True,False,True,False,False,48507.78737339015,False,2.4760413010703894,True,False,True,
True,True,True,False,True,48556.66832165688,True,4.8077544143721545,False,True,False,
False,True,True,False,False,48577.936190328684,True,2.4995202567254204,True,True,True,
False,True,False,True,False,48605.2758172303,True,1.0518697688282486,True,True,True,
True,True,True,False,False,48633.14127637432,False,4.94818975577605,False,True,False,
False,False,False,False,False,48680.45391677174,False,2.251819800457726,True,True,False,
True,True,True,False,True,48735.04498106104,True,3.9217333887797965,True,True,False,
False,True,False,True,False,48744.69890593148,True,2.308717636662583,True,True,True,
True,True,True,False,False,48803.89842643698,True,3.150280943458873,False,True,False,
True,True,True,False,False,48833.92693273613,True,3.250848864283753,True,True,True,
True,True,True,False,False,48902.879810557904,False,1.4493626443056473,True,True,True,
True,True,True,False,True,49226.84301809426,True,1.624553706801688,True,True,True,
True,False,True,False,False,49243.61800774923,True,2.7172693729333495,True,True,False,
False,False,False,False,True,49308.087541778434,True,3.9714990266950374,False,True,False,
True,True,True,False,False,49355.0538342764,True,4.872230385035677,True,True,True,
False,True,True,True,True,49525.808911053144,True,1.842814204565601,True,True,False,
True,True,True,False,True,49561.32247079373,True,4.270685252404482,False,True,True,
False,True,True,False,False,49598.12954830296,False,2.689851653848107,True,False,False,
False,False,True,False,True,49640.397868651686,False,2.2279768911386513,True,True,False,
False,False,False,False,False,49648.64456326867,False,3.932650807377023,True,True,False,
True,True,False,False,False,49767.82845663872,True,4.218772653046967,False,True,False,
True,True,True,False,True,49824.02021718419,True,2.7335830378713646,True,True,True,
False,False,True,False,False,49847.812726771714,False,4.458132729894719,True,True,True,
False,True,True,True,False,49907.68448599693,True,4.1568068907412155,True,True,True,
True,True,True,True,False,49917.1945555901,False,1.3697045679279727,False,True,True,
True,True,False,False,False,49953.32574222313,False,4.210337306560964,False,False,False,
True,True,False,True,False,50076.57792176601,False,3.18544211965028,True,True,False,
True,True,False,False,True,50100.79181547413,False,4.580390902003439,True,True,False,
False,False,True,False,False,50125.355870641324,False,4.85701566438426,True,True,False,
True,True,False,False,True,50136.25451136293,True,1.0193235291547977,True,True,False,
True,True,True,False,False,50190.969181716806,True,2.942256137959555,True,True,False,
False,False,True,True,True,50212.95343192633,True,3.8935522583540356,False,False,True,
False,True,True,False,False,50428.39581544571,False,1.7576255540603678,False,True,False,
True,True,True,False,False,50449.98383720907,True,2.4736302617276142,True,True,True,
False,True,False,True,False,50485.77558486298,True,4.79211405918075,True,True,True,
False,True,False,False,True,50541.96137304992,False,4.01047110733612,True,True,False,
False,True,False,True,False,50690.438244780096,False,2.676747216429359,True,True,True,
True,True,True,False,False,50760.74630335629,True,2.361641312109979,True,True,True,
False,True,True,True,False,50807.12435145167,False,4.257607054186152,False,True,False,
True,True,False,False,False,50817.88011964466,False,2.4997499545340327,True,True,False,
True,True,True,False,True,51077.05159675872,False,4.274882240566592,True,True,True,
True,True,False,False,False,51081.135713696116,True,3.191857912774449,False,True,True,
True,True,True,True,False,51195.141663390976,False,4.189134965475025,True,True,False,
False,True,False,True,False,51227.51842195142,False,1.9231814585119826,True,True,False,
False,False,False,False,False,51249.4377587862,False,3.48498315729106,True,True,True,
False,False,False,False,False,51340.68218866609,True,4.374518096970492,False,True,True,
True,True,True,True,False,51434.31489188681,False,1.6735696233927873,True,True,False,
False,False,False,True,False,51462.74330995007,False,1.443352002577353,False,True,True,
True,False,True,True,False,51496.99174243888,False,3.9939689084378163,False,True,True,
False,True,True,False,False,51599.5107948365,False,3.6190257540518456,True,True,False,
False,True,True,False,True,51624.48075401843,False,3.8602013232315144,True,True,False,
False,True,True,False,False,51638.19848158468,False,1.7512838568363112,False,True,True,
False,True,False,False,False,51664.553096273805,True,3.901487435895423,True,True,False,
False,False,True,False,False,51751.866765926046,True,4.525609740147108,False,True,False,
True,True,True,True,True,51900.84969389677,True,3.1750477313516834,True,True,True,
False,True,True,False,False,51965.37564437384,True,3.9167533785980844,True,True,True,
False,False,False,True,False,51999.210823116955,False,2.729295506610967,True,True,False,
True,True,False,False,False,52090.38456526775,True,2.6271701070875713,True,False,False,
True,False,False,False,False,52096.30460324508,False,1.6748034024572012,True,True,True,
False,True,False,False,False,52444.22746651098,False,1.4159217218824427,True,True,False,
True,True,True,False,False,52449.6997897335,False,1.1715056697636927,True,True,False,
True,False,True,False,False,52482.8701952378,False,3.057328796770058,False,True,True,
False,True,True,True,False,52500.77422186006,True,3.093237655002362,True,True,True,
False,True,True,False,False,52799.49622133117,True,3.967155052894129,True,False,True,
True,False,True,False,True,52812.03597108994,False,2.5167484925791945,True,True,True,
True,False,True,True,True,52995.16366590314,False,3.7930144776804835,True,True,False,
False,False,True,False,False,53009.63833037501,True,3.255501640836162,True,True,False,
False,True,False,True,False,53058.43903873124,False,1.4064698258129353,True,True,False,
False,True,True,False,True,53076.9136052644,True,2.3352792953290264,True,True,False,
False,True,True,True,False,53130.03782139656,True,1.1274652667445948,True,True,True,
False,False,False,True,True,53160.17320120579,True,3.3998422308214398,True,True,False,
False,False,True,False,False,53168.41813232253,True,2.661069894353605,False,False,True,
True,True,True,False,True,53182.84214213295,False,2.169967510650495,True,True,False,
True,True,True,False,False,53247.6985485679,True,4.923495728370729,True,True,False,
False,True,False,False,False,53314.49732694906,False,3.847902085688906,True,True,False,
False,False,True,True,False,53452.67378388967,True,3.454695990540009,True,True,False,
False,False,True,False,True,53456.41153700679,False,2.5562130894964996,True,True,True,
True,True,True,True,False,53581.976282263735,False,1.6036067235255929,False,True,False,
False,False,True,True,False,53624.45713181142,True,3.261450974800639,False,True,False,
True,False,True,True,False,53685.6736270349,True,4.636105777124056,False,True,False,
True,True,True,False,True,53719.36855305743,True,1.6893496190444117,False,True,False,
False,True,True,True,True,53759.521383178406,True,3.0348601330624,True,True,True,
False,True,True,True,False,53788.870017966845,True,1.3600875822194305,True,True,False,
False,True,True,False,True,53821.90100135328,False,2.045800953237367,True,False,False,
False,True,True,True,False,53893.68406604273,True,1.3648097258661007,True,False,False,
True,True,True,True,False,53912.61183618105,False,2.611662899593394,True,True,True,
True,True,True,True,True,53945.282936110816,False,2.75745119109926,True,False,True,
False,True,True,True,False,54013.587837508014,True,3.7497173579781946,True,True,False,
False,True,False,False,True,54016.99072691957,True,1.3248805052201402,True,True,False,
False,True,True,False,False,54089.21627030428,True,2.3320690563559987,True,True,True,
True,True,True,False,False,54194.620329996,True,2.606340953371032,True,True,True,
False,True,False,False,True,54244.81669434894,True,3.8799092065266962,True,True,True,
True,True,False,False,False,54268.20012876163,True,4.0800681753234365,False,True,False,
True,True,True,False,True,54323.61547428525,True,4.765573317331242,False,True,True,
True,True,True,True,True,54354.964091722926,True,3.1902622813294794,True,False,True,
True,True,False,True,False,54390.96173656784,True,4.295098115929669,True,True,False,
False,False,False,True,False,54394.07039873849,False,2.8525378998321993,True,True,False,
False,True,True,True,False,54395.01771719869,False,2.6357616424408032,True,True,False,
False,True,False,False,True,54428.69350011662,True,2.0762824079504454,True,True,False,
False,True,True,False,False,54477.90466987143,True,2.922716379607568,True,True,False,
True,True,True,False,False,54605.77363226776,False,3.8371638497864398,True,True,True,
True,True,False,False,False,54713.77975283989,False,3.957181180475585,True,True,False,
False,True,True,True,False,54742.313115062534,True,3.355277611977536,True,True,True,
True,True,True,False,False,54744.336656451196,False,1.2588574047273053,True,True,False,
True,True,True,True,False,54898.277309558034,True,3.5380074629861897,True,True,True,
False,True,True,False,False,54915.92785719801,False,3.276465036740369,True,True,True,
False,True,True,False,False,54979.26046684936,False,1.7293426867771955,True,True,True,
False,False,True,True,False,54987.94715362812,False,3.712202928363168,True,False,False,
False,False,True,False,True,55345.80906134742,True,2.042899847891003,False,True,False,
True,True,True,False,False,55349.9835963889,True,2.3861442687440726,False,False,False,
True,True,True,True,False,55422.45800430688,True,3.37764213193228,True,True,True,
False,True,True,False,False,55440.92653975139,False,3.592081211535059,False,True,False,
False,False,True,False,True,55468.67885142376,True,2.771236203689504,False,True,True,
False,True,True,False,True,55524.47111340949,True,4.370253183120063,True,True,False,
False,True,True,True,False,55733.058251970426,True,1.9610080686751203,True,True,False,
True,True,True,False,False,55931.2696151455,False,4.811895915315485,True,True,False,
True,True,True,True,False,56000.17489810139,True,4.94158748933784,True,True,False,
True,True,False,True,True,56071.83367899583,True,2.057219924374175,True,True,True,
False,True,False,True,True,56084.67292476976,True,1.1005965564742577,False,True,True,
True,True,False,True,False,56200.20052385553,False,4.484780425028123,False,True,True,
False,False,True,False,False,56329.388105422055,False,4.744301352412727,True,True,False,
False,True,False,True,False,56444.142330228744,False,1.1952594553874714,True,False,True,
False,True,True,False,True,56556.3978025739,False,2.2286962119723275,False,True,False,
True,False,False,True,False,56611.23137466785,False,2.3130814092525847,True,True,False,
True,False,False,False,False,56651.983132683854,True,2.2460177505700956,True,True,False,
True,False,True,False,False,56676.738415337924,False,4.389044096561432,True,True,True,
False,True,True,False,True,56793.84704342744,True,1.7575524047439588,True,True,True,
False,True,False,True,False,56852.1745562041,False,1.1630062365051095,True,True,False,
True,True,True,False,False,57020.73484383407,True,1.7843283686643558,False,True,False,
True,True,True,False,False,57029.07178726588,False,2.4462261615813383,True,True,True,
False,False,True,False,False,57090.59887197439,False,4.975802126447816,True,True,True,
True,False,True,False,False,57100.70451714233,False,4.9386281726976415,False,True,True,
True,True,True,False,True,57126.90272128936,False,2.779426830354607,True,True,True,
False,True,False,True,False,57196.54026448246,True,4.534317160452965,True,True,False,
True,True,True,False,False,57199.118879997375,True,2.665734955769156,True,True,True,
True,True,True,False,False,57321.03781980419,False,3.628206122270383,False,True,False,
False,True,True,False,False,57348.29475251991,True,3.7272792588566412,True,False,True,
False,False,True,True,True,57377.91684321294,True,3.383203419612001,True,True,True,
False,True,True,False,False,57462.564171682854,False,2.926013208553478,True,True,True,
False,False,False,True,True,57551.79444930594,True,3.7495345913461224,True,True,True,
False,True,True,False,False,57560.281191745344,False,4.1595720446156275,True,True,False,
True,True,True,False,False,57673.108070342714,True,1.1451123245500447,True,True,False,
False,True,True,False,True,57676.78801907883,False,2.3382256590920525,False,True,True,
False,True,False,False,False,57716.2465863881,True,3.1492715569595786,True,True,True,
False,True,True,False,False,57817.235048882074,True,3.038161463547032,True,True,False,
False,True,True,False,False,57851.30646086641,True,4.648915202687032,True,True,True,
False,True,False,True,False,57900.10310386074,True,2.5789625539182115,True,True,False,
True,True,True,False,False,58002.97454963713,True,1.0111104573047207,True,True,False,
True,True,True,False,False,58012.4961990365,False,1.4241083975004591,True,True,True,
False,False,True,False,True,58218.93526125765,True,2.7951828867436377,True,False,False,
False,True,False,False,True,58315.999724135785,False,1.2009377722443797,True,True,False,
